<?xml version="1.0"?>
<data grt_format="2.0">
  <value _ptr_="0x557f80e3f7a0" type="list" content-type="object" content-struct-name="db.mgmt.ServerInstance">
    <value type="object" struct-name="db.mgmt.ServerInstance" id="57d383ec-fd61-11ea-a112-000c29011699" struct-checksum="0x367436e2">
      <link type="object" struct-name="db.mgmt.Connection" key="connection">40a4046c-fd61-11ea-a112-000c29011699</link>
      <value _ptr_="0x557f80f3adc0" type="dict" key="loginInfo">
        <value type="string" key="ssh.hostName"></value>
        <value type="string" key="ssh.key">~/.ssh/ssh_private_key</value>
        <value type="string" key="ssh.localPort">3306</value>
        <value type="int" key="ssh.useKey">0</value>
        <value type="string" key="ssh.userName">mysql</value>
      </value>
      <value _ptr_="0x557f80f3ae40" type="dict" key="serverInfo">
        <value type="string" key="basedir">/usr/</value>
        <value type="string" key="datadir">/var/lib/mysql/</value>
        <value type="string" key="generalLogFilePath">x1-vmwarevirtualplatform.log</value>
        <value type="string" key="serverVersion">10.5.5-MariaDB</value>
        <value type="int" key="setupPending">0</value>
        <value type="string" key="slowLogFilePath">x1-vmwarevirtualplatform-slow.log</value>
        <value type="string" key="sys.config.path">/etc/my.cnf</value>
        <value type="string" key="sys.config.section">mysqld</value>
        <value type="string" key="sys.mysqld.start">/etc/init.d/mysqld start</value>
        <value type="string" key="sys.mysqld.stop">/etc/init.d/mysqld stop</value>
        <value type="string" key="sys.sudo"></value>
        <value type="string" key="sys.system">Linux</value>
        <value type="int" key="sys.usesu">1</value>
        <value type="int" key="sys.usesudo">1</value>
        <value type="int" key="sys.usesudostatus">0</value>
      </value>
      <value type="string" key="name">conn1</value>
    </value>
  </value>
</data>
